{
  "mobile_troubleshooting": {
    "power_issues": {
      "wont_turn_on": {
        "symptoms": ["No response to power button", "Black screen", "No lights"],
        "difficulty": "easy",
        "tools_needed": [],
        "safety_level": "safe",
        "steps": [
          {
            "step": 1,
            "action": "Try force restart",
            "description": "Hold power button and volume down button together for 10-15 seconds",
            "warning": "Button combination may vary by device model"
          },
          {
            "step": 2,
            "action": "Check charging cable and adapter",
            "description": "Try different charging cable and wall adapter that you know work",
            "warning": null
          },
          {
            "step": 3,
            "action": "Clean charging port",
            "description": "Gently clean charging port with dry toothbrush to remove lint/debris",
            "warning": "Be very gentle to avoid damaging charging pins"
          },
          {
            "step": 4,
            "action": "Charge for 30 minutes",
            "description": "Let device charge undisturbed for at least 30 minutes before trying to turn on",
            "warning": null
          },
          {
            "step": 5,
            "action": "Try charging while off",
            "description": "Ensure device is completely powered off while charging",
            "warning": null
          }
        ],
        "when_to_stop": "If device still won't respond after charging",
        "professional_help_needed": "May need battery replacement or charging port repair"
      },
      "battery_drains_quickly": {
        "symptoms": ["Battery depletes rapidly", "Needs frequent charging", "Hot device"],
        "difficulty": "easy",
        "tools_needed": [],
        "safety_level": "safe",
        "steps": [
          {
            "step": 1,
            "action": "Check battery usage",
            "description": "Go to Settings > Battery to see which apps are using most power",
            "warning": null
          },
          {
            "step": 2,
            "action": "Enable battery saver mode",
            "description": "Turn on Low Power Mode (iOS) or Battery Saver (Android)",
            "warning": null
          },
          {
            "step": 3,
            "action": "Reduce screen brightness",
            "description": "Lower screen brightness or enable auto-brightness",
            "warning": null
          },
          {
            "step": 4,
            "action": "Close background apps",
            "description": "Close apps running in background that you're not using",
            "warning": null
          },
          {
            "step": 5,
            "action": "Turn off location services",
            "description": "Disable GPS/location for apps that don't need it",
            "warning": "Some apps may not function properly without location access"
          },
          {
            "step": 6,
            "action": "Disable push notifications",
            "description": "Turn off unnecessary push notifications for apps",
            "warning": null
          }
        ],
        "when_to_stop": "If battery life doesn't improve after 2-3 days",
        "professional_help_needed": "Battery may need replacement, especially if device is 2+ years old"
      }
    },
    "charging_issues": {
      "wont_charge": {
        "symptoms": ["No charging indicator", "Charging stops and starts", "Very slow charging"],
        "difficulty": "easy",
        "tools_needed": ["Different charging cable", "Different adapter"],
        "safety_level": "safe",
        "steps": [
          {
            "step": 1,
            "action": "Try different charging cable",
            "description": "Use a different charging cable that you know works with another device",
            "warning": null
          },
          {
            "step": 2,
            "action": "Try different wall adapter",
            "description": "Use a different power adapter/wall charger",
            "warning": "Ensure adapter matches your device's power requirements"
          },
          {
            "step": 3,
            "action": "Test different power outlet",
            "description": "Try plugging into a different wall outlet",
            "warning": null
          },
          {
            "step": 4,
            "action": "Clean charging port thoroughly",
            "description": "Use dry toothbrush, compressed air, or plastic pick to remove debris",
            "warning": "Never use metal objects or liquids in charging port"
          },
          {
            "step": 5,
            "action": "Try wireless charging",
            "description": "If your device supports wireless charging, test with wireless charger",
            "warning": null
          },
          {
            "step": 6,
            "action": "Restart device",
            "description": "Power off device completely, then turn back on and try charging",
            "warning": null
          }
        ],
        "when_to_stop": "If device still won't charge with known good cable and adapter",
        "professional_help_needed": "Charging port may need replacement or battery may be faulty"
      }
    },
    "screen_issues": {
      "cracked_screen": {
        "symptoms": ["Visible cracks", "Touch not responding", "Display distorted"],
        "difficulty": "professional",
        "tools_needed": ["Professional repair"],
        "safety_level": "caution",
        "steps": [
          {
            "step": 1,
            "action": "Stop using immediately",
            "description": "Discontinue use to prevent cuts from glass shards",
            "warning": "Glass fragments can cause injury"
          },
          {
            "step": 2,
            "action": "Back up data if possible",
            "description": "If screen still responds, immediately back up important data",
            "warning": "Screen may stop working completely at any time"
          },
          {
            "step": 3,
            "action": "Apply temporary protection",
            "description": "Place clear tape over cracks to hold glass together",
            "warning": "This is temporary only - do not continue regular use"
          },
          {
            "step": 4,
            "action": "Avoid pressure on screen",
            "description": "Don't press on cracked areas or bend the device",
            "warning": "Pressure can worsen cracks and damage internal components"
          }
        ],
        "when_to_stop": "Do not attempt DIY screen repair",
        "professional_help_needed": "Professional screen replacement required - bring to repair shop immediately"
      }
    },
    "software_issues": {
      "app_crashes": {
        "symptoms": ["Apps close unexpectedly", "Phone freezes", "Random restarts"],
        "difficulty": "easy",
        "tools_needed": [],
        "safety_level": "safe",
        "steps": [
          {
            "step": 1,
            "action": "Force close problematic app",
            "description": "Close the app completely and restart it",
            "warning": null
          },
          {
            "step": 2,
            "action": "Restart device",
            "description": "Power off device completely, wait 30 seconds, then turn back on",
            "warning": null
          },
          {
            "step": 3,
            "action": "Update the app",
            "description": "Check app store for updates to the problematic app",
            "warning": null
          },
          {
            "step": 4,
            "action": "Clear app cache",
            "description": "Go to Settings > Apps > [App Name] > Storage > Clear Cache",
            "warning": "This will log you out of the app"
          },
          {
            "step": 5,
            "action": "Free up storage space",
            "description": "Delete unnecessary photos, videos, or apps to free up storage",
            "warning": null
          },
          {
            "step": 6,
            "action": "Update device software",
            "description": "Check for and install system updates",
            "warning": "Ensure device is charged and connected to Wi-Fi"
          }
        ],
        "when_to_stop": "If apps continue crashing after these steps",
        "professional_help_needed": "May need factory reset or hardware diagnostic"
      }
    }
  }
}
