{
  "business_info": {
    "name": "IT Services Freetown",
    "tagline": "Your trusted local partner for professional and reliable technology solutions",
    "location": {
      "address": "No. 1 Regent Highway, Jui Junction, Freetown",
      "landmark": "Opposite Freetown Teachers College (FTC), Jui",
      "area": "Western part of Freetown, Sierra Leone"
    },
    "contact": {
      "phone": "+232 33 399 391",
      "email": ["support@itservicesfreetown.com", "itservicesfreetown@gmail.com"],
      "website": "www.itservicesfreetown.com"
    },
    "hours": {
      "weekdays": "Monday - Friday: 8:00 AM - 6:00 PM",
      "weekend": "Saturday: By appointment, Sunday: Closed",
      "holidays": "Closed on public holidays"
    },
    "social_media": {
      "facebook": "www.facebook.com/itservicefreetown",
      "instagram": "www.instagram.com/itservicesfreetown",
      "twitter": "www.twitter.com/itservicesfreetown"
    },
    "maps_and_reviews": {
      "google_maps": "https://maps.app.goo.gl/FHCthxNEvNYxB4tJ7",
      "write_review": "https://g.page/r/CfAOLY-gBDNMEBM/review"
    },
    "mission": "Dedicated to delivering Quality, Expertise and Innovative solutions",
    "target_customers": "Business owners, tech enthusiasts, and anyone looking for reliable IT solutions"
  },
  "services": {
    "computer_repair": {
      "name": "Computer Repair",
      "description": "Professional desktop and laptop repair services for Windows and Mac computers",
      "expertise": "Our skilled technicians are well-versed in working with various operating systems and hardware configurations",
      "common_issues": [
        "Won't start/boot",
        "Blue screen errors", 
        "Slow performance",
        "Virus/malware removal",
        "Hardware failures",
        "Software installation",
        "Data recovery",
        "PC password recovery and reset for forgotten or locked accounts"
      ],
      "supported_systems": ["Windows", "Mac"],
      "typical_cost_range": "Varies based on specific repair needed - competitive and transparent pricing",
      "turnaround_time": "Minor software problems: few hours, Complex hardware repairs: varies with estimated time provided"
    },
    "mobile_repair": {
      "name": "Mobile Device Repair",
      "description": "Smartphone and tablet repair specialists",
      "common_issues": [
        "Screen replacement",
        "Battery replacement", 
        "Charging port repair",
        "Water damage recovery",
        "Speaker/microphone issues",
        "Software problems",
        "Camera repair"
      ],
      "typical_cost_range": "Varies based on device and repair type",
      "turnaround_time": "Depends on complexity - estimate provided during assessment"
    },
    "mobile_unlock": {
      "name": "Mobile Unlock Services",
      "description": "Professional mobile unlocking services for all types of locks",
      "specialties": [
        "FRP (Factory Reset Protection) removal",
        "iCloud lock removal", 
        "Network unlock",
        "Pattern/PIN unlock",
        "All mobile lock types"
      ],
      "supported_brands": ["Tecno", "Samsung", "Infinix", "Motorola", "Oppo", "LG", "Huawei", "and more"],
      "success_rate": "High success rate with experienced techniques"
    },
    "networking": {
      "name": "Office and Home Networking",
      "description": "Professional network installation and configuration services",
      "services": [
        "Network setup and configuration",
        "Wi-Fi installation",
        "Network troubleshooting",
        "Security setup",
        "Performance optimization"
      ],
      "service_locations": ["Office", "Home", "On-site anywhere you need"]
    },
    "graphics_design": {
      "name": "Graphics Design",
      "description": "Professional graphic design services for businesses and individuals",
      "capabilities": [
        "Logo design",
        "Branding materials",
        "Marketing graphics",
        "Digital artwork",
        "Print design"
      ]
    },
    "web_development": {
      "name": "Web Development", 
      "description": "Full-stack web development using modern technologies",
      "technologies": {
        "frontend": ["HTML", "CSS", "JavaScript", "React", "Angular", "Vue"],
        "backend": ["Python", "Ruby", "PHP", "Node.js", "Django", "Ruby on Rails"],
        "databases": ["MySQL", "PostgreSQL", "MongoDB"]
      },
      "services": [
        "Custom website development",
        "E-commerce solutions",
        "Web applications",
        "Website maintenance",
        "Performance optimization"
      ]
    },
    "pos_software": {
      "name": "Special POS Software Installation",
      "description": "Point of Sale system installation and setup for businesses",
      "definition": "POS (Point of Sale) software used by businesses to manage sales transactions, track inventory, process payments, and generate reports",
      "benefits": [
        "Streamline operations",
        "Improve accuracy", 
        "Better inventory management",
        "Sales trend insights",
        "Enhanced customer experience"
      ],
      "suitable_for": "Retail businesses, restaurants, service providers"
    },
    "data_recovery": {
      "name": "Data Recovery",
      "description": "Professional data recovery services for lost or corrupted files",
      "common_scenarios": [
        "Deleted files",
        "Corrupted hard drives", 
        "Liquid damage",
        "Accidental formatting",
        "System crashes"
      ],
      "data_security": "We take data security seriously and make every effort to preserve your data",
      "recommendation": "We recommend backing up important files before bringing device for repair"
    },
    "on_site_service": {
      "name": "On-Site Service",
      "description": "We provide repair services at your desired location",
      "locations": ["Home", "Office", "Any location you prefer"],
      "specialties": ["Network setup", "Troubleshooting", "System installation"],
      "fun_fact": "We even provide service on the beach! 😎"
    }
  },
  "pricing": {
    "approach": "Competitive and transparent pricing",
    "consultation": "Free estimates provided during device assessment",
    "cost_factors": "Varies based on specific service or repair needed",
    "payment_methods": ["Cash", "Mobile Money", "Bank Transfer"],
    "cost_efficiency": "We provide honest advice if a device is beyond repair or not cost-efficient to fix"
  },
  "policies": {
    "warranty": "Warranty provided on repair services - duration varies by type of repair",
    "warranty_details": "Warranty details provided when you bring in your device",
    "data_backup": "We recommend backing up data before repair",
    "data_security": "We take data security seriously and make every effort to preserve your data",
    "part_sourcing": "We use quality parts for reliable repairs",
    "pickup_deadline": "Repaired devices should be picked up within reasonable time",
    "beyond_repair": "If device is beyond repair, we provide honest advice and assist with replacement or upgrade options"
  },
  "staff_expertise": {
    "lead_technician": {
      "name": "Ryan Josiah Stewart",
      "education": "IT graduate from Amity University, India",
      "experience": "Wealth of experience in IT services",
      "specialties": ["Computer repair", "Mobile repair", "Web development", "Graphics design", "Networking"]
    },
    "team": "Reputable personnel with extensive experience",
    "qualifications": "Skilled technicians well-versed in various systems and technologies"
  },
  "business_standards": {
    "values": ["Quality", "Expertise", "Innovative solutions"],
    "commitment": "Keeping you connected and your devices running smoothly",
    "service_approach": "Fast, affordable, and effective IT support",
    "customer_base": "Individuals, businesses, and institutions",
    "reputation": "One of the best repair shops in Freetown, Sierra Leone"
  },
  "communication_policy": {
    "standards": "Professional and respectful communication",
    "restrictions": "We do not endorse hate speech, abusive language, or racial discrimination"
  }
}
